Model_Name,Tokenizer_Load_Time,Model_Load_Time,Inference_Time
bert-base-uncased,0.02964,1.13263,0.03832
bert-large-uncased,0.02973,2.98776,0.07073
t5-small,0.0382,0.73472,0.09343
t5-base,0.03688,2.23776,0.20243
t5-large,0.03921,8.3856,0.55554
roberta-base,0.10572,1.57585,0.02861
roberta-large,0.10349,3.5411,0.07403
